player_name,hand,height_cm,wingspan_cm,nationality
Aaron Krickstein,R,183.0,,USA
Abedallah Shelbayh,L,180.0,,JOR
Adam Pavlasek,R,185.0,,CZE
Adam Peterson,R,185.0,,USA
Adam Walton,R,183.0,,AUS
Adrian Mannarino,L,180.0,,FRA
Adrian Menendez Maceiras,R,185.0,,ESP
Adrian Ungur,R,178.0,,ROU
Adrian Voinea,R,185.0,,ROU
Agustin Calleri,R,183.0,,ARG
Aki Rahunen,R,175.0,,FIN
Albert Chang,R,183.0,,CAN
Albert Costa,R,180.0,,ESP
Albert Montanes,R,175.0,,ESP
Albert Portas,R,188.0,,ESP
Albert Ramos,L,188.0,,ESP
Alberto Berasategui,R,173.0,,ESP
Alberto Mancini,R,180.0,,ARG
Alberto Martin,R,175.0,,ESP
Alejandro Davidovich Fokina,R,183.0,,ESP
Alejandro Falla,L,185.0,,COL
Alejandro Gonzalez,R,190.0,,COL
Alejandro Hernandez,R,180.0,,MEX
Alejandro Tabilo,L,188.0,,CHI
Aleksandar Kovacevic,R,183.0,,USA
Aleksandar Vukic,R,188.0,,AUS
Aleksandr Nedovyesov,R,188.0,,KAZ
Alessandro Giannessi,L,185.0,,ITA
Alessio Di Mauro,L,185.0,,ITA
Alex Antonitsch,R,188.0,,AUT
Alex Bogomolov Jr,R,178.0,,RUS
Alex Bolt,L,183.0,,AUS
Alex Calatrava,R,190.0,,ESP
Alex Corretja,R,180.0,,ESP
Alex De Minaur,R,183.0,,AUS
Alex Kim,R,175.0,,USA
Alex Kuznetsov,R,183.0,,USA
Alex Lopez Moron,R,175.0,,ESP
Alex Michelsen,R,193.0,,USA
Alex Molcan,L,178.0,,SVK
Alex Obrien,R,185.0,,USA
Alex Radulescu,R,185.0,,GER
Alexander Bublik,R,196.0,,KAZ
Alexander Kudryavtsev,R,183.0,,RUS
Alexander Mronz,R,188.0,,GER
Alexander Sarkissian,R,191.0,,USA
Alexander Shevchenko,R,185.0,,KAZ
Alexander Volkov,L,188.0,,RUS
Alexander Waske,R,188.0,,GER
Alexander Zverev,R,198.0,196.0,GER
Alexandr Dolgopolov,R,180.0,,UKR
Alexandre Muller,R,183.0,,FRA
Alexandre Simoni,R,188.0,,BRA
Alexei Popyrin,R,196.0,,AUS
Alexis Galarneau,R,180.0,,CAN
Alexis Hombrecher,R,196.0,,GER
Aljaz Bedene,R,181.0,,SLO
Alois Beust,R,,,FRA
Amer Delic,R,196.0,,BIH
Amir Weintraub,R,188.0,,ISR
Amos Mansdorf,R,175.0,,ISR
Anders Jarryd,R,180.0,,SWE
Andre Agassi,R,180.0,175.0,USA
Andre Sa,R,185.0,,BRA
Andrea Arnaboldi,L,180.0,,ITA
Andrea Basso,L,,,ITA
Andrea Gaudenzi,R,183.0,,ITA
Andrea Stoppini,R,190.0,,ITA
Andrea Vavassori,R,193.0,,ITA
Andreas Beck,L,190.0,,GER
Andreas Haider Maurer,R,190.0,,AUT
Andreas Seppi,R,190.0,,ITA
Andreas Vinciguerra,L,180.0,,SWE
Andrei Cherkasov,R,180.0,,RUS
Andrei Chesnokov,R,188.0,,RUS
Andrei Medvedev,R,193.0,,UKR
Andrei Merinov,L,183.0,,RUS
Andrei Olhovskiy,R,185.0,,RUS
Andrei Pavel,R,183.0,,ROU
Andrei Stoliarov,R,178.0,,RUS
Andres Gomez,L,193.0,,ECU
Andrew Ilie,R,180.0,,AUS
Andrew Sznajder,R,175.0,,CAN
Andrey Golubev,R,185.0,,KAZ
Andrey Kuznetsov,R,183.0,,RUS
Andrey Rublev,R,188.0,188.0,RUS
Andy Murray,R,190.0,188.0,GBR
Andy Roddick,R,188.0,188.0,USA
Antonio Veic,R,180.0,,CRO
Antony Dupuis,R,185.0,,FRA
Arnaud Boetsch,R,183.0,,FRA
Arnaud Clement,R,173.0,,FRA
Arnaud Di Pasquale,R,185.0,,FRA
Arne Thoms,R,188.0,,GER
Arthur Cazaux,R,183.0,,FRA
Arthur Fils,R,185.0,,FRA
Arthur Rinderknech,R,196.0,,FRA
Arvind Parmar,R,193.0,,GBR
Aslan Karatsev,R,185.0,,RUS
Attila Savolt,R,183.0,,HUN
Austin Krajicek,L,188.0,,USA
Axel Pretzsch,R,185.0,,GER
Bart Wuyts,R,178.0,,BEL
Beibit Zhukayev,R,198.0,,KAZ
Ben Shelton,L,193.0,193.0,USA
Benjamin Balleret,R,185.0,,MON
Benjamin Becker,R,178.0,,GER
Benjamin Bonzi,R,183.0,,FRA
Benjamin Hassan,R,183.0,,LBN
Benoit Paire,R,196.0,,FRA
Bernabe Zapata Miralles,R,183.0,,ESP
Bernard Tomic,R,196.0,,AUS
Bernd Karbacher,R,185.0,,GER
Billy Harris,R,193.0,,GBR
Bjorn Borg,R,180.0,,SWE
Bjorn Fratangelo,R,183.0,,USA
Bjorn Phau,R,175.0,,GER
Blaz Kavcic,R,188.0,,SLO
Blaz Rola,L,193.0,,SLO
Bob Bryan,L,193.0,,USA
Bobby Kokavec,R,190.0,,CAN
Bobby Reynolds,R,183.0,,USA
Bohdan Ulihrach,R,188.0,,CZE
Boris Becker,R,190.0,193.0,GER
Boris Pashanski,R,180.0,,SRB
Borna Coric,R,188.0,,CRO
Borna Gojo,R,196.0,,CRO
Botic Van De Zandschulp,R,191.0,,NED
Brad Gilbert,R,185.0,,USA
Brad Pearce,R,175.0,,USA
Bradley Klahn,L,183.0,,USA
Brandon Holt,R,185.0,,USA
Brandon Nakashima,R,188.0,,USA
Brayden Schnur,R,193.0,,CAN
Brendan Evans,R,188.0,,USA
Brett Steven,R,185.0,,NZL
Brian Baker,R,190.0,,USA
Brian Dabul,L,170.0,,ARG
Brian Dunn,R,201.0,,USA
Brian Garrow,R,173.0,,USA
Brian Gyetko,R,183.0,,CAN
Brian Macphie,L,180.0,,USA
Brian Vahaly,R,183.0,,USA
Broderick Dyke,L,183.0,,AUS
Bruce Derlin,L,180.0,,NZL
Bruno Agostinelli,R,,,CAN
Bruno Oresar,R,175.0,,CRO
Bryan Shelton,R,185.0,,USA
Bu Yunchaokete,R,185.0,,CHN
Byron Black,R,175.0,,ZIM
Calvin Hemery,R,191.0,,FRA
Cameron Norrie,L,188.0,,GBR
Carl Uwe Steeb,L,180.0,,GER
Carlos Alcaraz,R,183.0,188.0,ESP
Carlos Berlocq,R,183.0,,ARG
Carlos Costa,R,183.0,,ESP
Carlos Gimeno Valero,R,191.0,,ESP
Carlos Moya,R,190.0,190.0,ESP
Carlos Taberner,R,183.0,,ESP
Carsten Arriens,R,193.0,,GER
Casper Ruud,R,183.0,183.0,NOR
Cassio Motta,R,180.0,,BRA
Cecil Mamiit,R,173.0,,PHI
Cedric Pioline,R,188.0,,FRA
Cedrik Marcel Stebe,L,183.0,,GER
Cem Ilkel,R,185.0,,TUR
Chase Buchanan,R,193.0,,USA
Chris Garner,R,180.0,,USA
Chris Guccione,L,201.0,,AUS
Chris Pridham,R,183.0,,CAN
Chris Wilkinson,R,180.0,,GBR
Chris Woodruff,R,188.0,,USA
Christian Bergstrom,R,180.0,,SWE
Christian Harrison,R,180.0,,USA
Christian Miniussi,R,185.0,,ARG
Christian Ruud,R,188.0,,NOR
Christian Saceanu,R,190.0,,GER
Christian Vinck,L,183.0,,GER
Christo Van Rensburg,R,185.0,,RSA
Christophe Rochus,R,170.0,,BEL
Christopher Eubanks,R,201.0,,USA
Christopher Oconnell,R,183.0,,AUS
Chuck Adams,R,185.0,,USA
Chuhan Wang,R,188.0,,CHN
Chun Hsin Tseng,R,175.0,,TPE
Claude Ngoran,L,190.0,,CIV
Claudio Mezzadri,R,180.0,,SUI
Claudio Pistolesi,R,180.0,,ITA
Coleman Wong,R,191.0,,HKG
Constant Lestienne,R,180.0,,FRA
Corentin Moutet,L,180.0,,FRA
Corrado Borroni,R,185.0,,ITA
Cristian Garin,R,185.0,,CHI
Cristiano Caratti,R,178.0,,ITA
Cyril Saulnier,R,190.0,,FRA
Damir Dzumhur,R,175.0,,BIH
Dan Goldie,R,188.0,,USA
Danai Udomchoke,R,173.0,,THA
Dane Sweeny,R,170.0,,AUS
Danie Visser,L,180.0,,RSA
Daniel Altmaier,R,188.0,,GER
Daniel Brands,R,196.0,,GER
Daniel Courcol,R,190.0,,FRA
Daniel Elahi Galan,R,191.0,,COL
Daniel Elsner,R,183.0,,GER
Daniel Evans,R,175.0,,GBR
Daniel Gimeno Traver,R,185.0,,ESP
Daniel Koellerer,R,180.0,,AUT
Daniel Kosakowski,R,185.0,,USA
Daniel Munoz de la Nava,L,178.0,,ESP
Daniel Nestor,L,190.0,,CAN
Daniel Orsanic,L,183.0,,ARG
Daniel Vacek,R,190.0,,CZE
Daniele Bracciali,R,180.0,,ITA
Daniele Musa,R,183.0,,ITA
Daniil Medvedev,R,198.0,196.0,RUS
Danilo Marcelino,R,193.0,,BRA
Darian King,R,188.0,,BAR
Darren Cahill,R,185.0,,AUS
Darwin Blanch,L,185.0,,USA
Dave Randall,R,183.0,,USA
David Caldwell,R,180.0,,USA
David Dilucia,R,173.0,,USA
David Engel,R,180.0,,SWE
David Ferrer,R,175.0,178.0,ESP
David Goffin,R,180.0,180.0,BEL
David Guez,R,185.0,,FRA
David Nainkin,R,183.0,,RSA
David Nalbandian,R,180.0,183.0,ARG
David Pate,R,183.0,,USA
David Prinosil,R,185.0,,GER
David Rikl,L,178.0,,CZE
David Sanchez,R,183.0,,ESP
David Wheaton,R,193.0,,USA
David Witt,R,190.0,,USA
Davide Sanguinetti,R,188.0,,ITA
Davide Scala,R,180.0,,ITA
Denis Gremelmayr,L,183.0,,GER
Denis Istomin,R,188.0,,UZB
Denis Kudla,R,180.0,,USA
Denis Shapovalov,L,185.0,185.0,CAN
Denis Yevseyev,R,188.0,,KAZ
Dennis Novikov,R,193.0,,USA
Dennis Van Scheppingen,R,185.0,,NED
Derrick Rostagno,R,185.0,,USA
Di Wu,R,175.0,,CHN
Dick Norman,L,203.0,,BEL
Diego Junqueira,L,178.0,,ARG
Diego Nargiso,L,188.0,,ITA
Diego Perez,R,178.0,,URU
Diego Schwartzman,R,170.0,165.0,ARG
Dimitri Poliakov,R,183.0,,UKR
Dinu Pescariu,R,185.0,,ROU
Dirk Dier,R,185.0,,GER
Dirk Leppen,R,180.0,,GER
Dmitry Tursunov,R,185.0,,RUS
Dominic Thiem,R,185.0,190.0,AUT
Dominik Hrbaty,R,183.0,,SVK
Dominik Koepfer,L,180.0,,GER
Donald Johnson,L,190.0,,USA
Donald Young,L,183.0,,USA
Doug Flach,R,183.0,,USA
Dudi Sela,R,175.0,,ISR
Dusan Lajovic,R,183.0,,SRB
Dusan Vemic,R,190.0,,SRB
Dustin Brown,R,196.0,,JAM
Edouard Roger-Vasselin,R,185.0,,FRA
Eduardo Schwank,R,183.0,,ARG
Eduardo Velez,R,175.0,,MEX
Edwin Kempes,R,188.0,,NED
Egor Gerasimov,R,196.0,,BLR
Elias Ymer,R,185.0,,SWE
Emil Ruusuvuori,R,188.0,,FIN
Emilio Benfele Alvarez,R,183.0,,ESP
Emilio Gomez,R,185.0,,ECU
Emilio Nava,R,185.0,,USA
Emilio Sanchez,R,180.0,,ESP
Eric Jelen,R,180.0,,GER
Eric Winogradsky,R,188.0,,FRA
Erik Chvojka,L,185.0,,CAN
Ernesto Escobedo,R,185.0,,MEX
Ernests Gulbis,R,190.0,,LAT
Ethan Quinn,R,191.0,,USA
Evan King,L,185.0,,USA
Evgeny Donskoy,R,185.0,,RUS
Evgeny Korolev,R,185.0,,KAZ
Eyal Ran,R,183.0,,ISR
Fabian Marozsan,R,193.0,,HUN
Fabio Fognini,R,178.0,178.0,ITA
Fabrice Santoro,R,178.0,,FRA
Facundo Bagnis,L,183.0,,ARG
Facundo Diaz Acosta,L,183.0,,ARG
Federico Browne,R,180.0,,ARG
Federico Coria,R,180.0,,ARG
Federico Delbonis,L,193.0,,ARG
Federico Gaio,R,178.0,,ITA
Federico Luzzi,R,188.0,,ITA
Federico Mordegan,R,170.0,,ITA
Feliciano Lopez,L,188.0,188.0,ESP
Felipe Meligeni Alves,R,185.0,,BRA
Felipe Rivera,R,183.0,,CHI
Felix Auger Aliassime,R,193.0,,CAN
Felix Mantilla,R,180.0,,ESP
Fernando Gonzalez,R,183.0,,CHI
Fernando Meligeni,L,180.0,,BRA
Fernando Roese,R,190.0,,BRA
Fernando Verdasco,L,188.0,193.0,ESP
Fernando Vicente,R,180.0,,ESP
Fernon Wibier,R,188.0,,NED
Filip Dewulf,R,190.0,,BEL
Filip Krajinovic,R,185.0,,SRB
Filip Peliwo,R,180.0,,POL
Filippo Baldi,R,183.0,,ITA
Filippo Volandri,R,183.0,,ITA
Flavio Cipolla,R,173.0,,ITA
Flavio Cobolli,R,183.0,,ITA
Flavio Saretta,R,183.0,,BRA
Florent Serra,R,180.0,,FRA
Florian Mayer,R,190.0,,GER
Frances Tiafoe,R,188.0,186.0,USA
Francesco Cancellotti,R,183.0,,ITA
Francesco Passaro,R,180.0,,ITA
Francisco Cerundolo,R,185.0,,ARG
Francisco Clavet,L,183.0,,ESP
Francisco Montana,R,183.0,,USA
Francisco Roig,R,175.0,,ESP
Franco Davin,L,173.0,,ARG
Franco Squillari,L,183.0,,ARG
Frank Dancevic,R,185.0,,CAN
Frederic Fontang,R,183.0,,FRA
Frederic Niemeyer,R,190.0,,CAN
Frederico Gil,R,178.0,,POR
Frederik Fetterlein,R,190.0,,DEN
Fredrik Jonsson,R,193.0,,SWE
Gabriel Diallo,R,203.0,,CAN
Gabriel Markus,R,180.0,,ARG
Gabriel Silberstein,R,178.0,,CHI
Gael Monfils,R,193.0,190.0,FRA
Galo Blanco,R,173.0,,ESP
Gary Muller,L,190.0,,RSA
Gastao Elias,R,180.0,,POR
Gaston Etlis,R,185.0,,ARG
Gaston Gaudio,R,175.0,,ARG
Geoff Grant,R,183.0,,USA
George Bastl,R,183.0,,SUI
Gerard Solves,R,185.0,,FRA
German Lopez,R,193.0,,ESP
Gianluca Mager,R,188.0,,ITA
Gianluca Naso,R,193.0,,ITA
Gianluca Pozzi,L,180.0,,ITA
Gilad Bloom,L,173.0,,ISR
Gilbert Schaller,R,180.0,,AUT
Gilles Muller,L,193.0,,LUX
Gilles Simon,R,183.0,,FRA
Giorgio Galimberti,R,180.0,,ITA
Giovanni Lapentti,R,193.0,,ECU
Giovanni Mpetshi Perricard,R,203.0,,FRA
Girts Dzelde,R,173.0,,LAT
Giulio Zeppieri,L,183.0,,ITA
Glenn Layendecker,L,185.0,,USA
Glenn Michibata,R,175.0,,CAN
Glenn Weiner,R,188.0,,USA
Go Soeda,R,178.0,,JPN
Goran Ivanisevic,L,193.0,193.0,CRO
Goran Prpic,R,180.0,,CRO
Gorka Fraile,R,180.0,,ESP
Grant Connell,L,185.0,,CAN
Grant Doyle,R,180.0,,AUS
Grant Stafford,R,188.0,,RSA
Greg Rusedski,L,193.0,,GBR
Grega Zemlja,R,183.0,,SLO
Gregoire Barrere,R,183.0,,FRA
Gregory Carraz,R,190.0,,FRA
Grigor Dimitrov,R,191.0,188.0,BUL
Guido Andreozzi,R,183.0,,ARG
Guido Pella,L,183.0,,ARG
Guillaume Marx,R,,,FRA
Guillaume Raoux,R,180.0,,FRA
Guillaume Rufin,R,188.0,,FRA
Guillermo Canas,R,185.0,,ARG
Guillermo Coria,R,175.0,,ARG
Guillermo Garcia Lopez,R,188.0,,ESP
Guillermo Perez Roldan,R,178.0,,ARG
Gustavo Kuerten,R,190.0,195.0,BRA
Guy Forget,L,190.0,,FRA
Hamad Medjedovic,R,188.0,,SRB
Harel Levy,R,185.0,,ISR
Harold Mayot,R,180.0,,FRA
Harold Solomon,R,168.0,,USA
Hendrik Dreekmann,R,188.0,,GER
Hendrik Jan Davids,L,183.0,,NED
Henri Laaksonen,R,185.0,,SUI
Henri Leconte,L,185.0,,FRA
Henrik Holm,R,183.0,,SWE
Herbert Wiltschnig,R,185.0,,AUT
Hernan Gumy,R,188.0,,ARG
Hicham Arazi,L,175.0,,MAR
Holger Rune,R,188.0,188.0,DEN
Horacio De La Pena,L,180.0,,ARG
Horacio Zeballos,L,188.0,,ARG
Horst Skoff,R,175.0,,AUT
Hubert Hurkacz,R,196.0,196.0,POL
Hugo Armando,R,183.0,,USA
Hugo Dellien,R,180.0,,BOL
Hugo Gaston,L,173.0,,FRA
Hugo Grenier,R,196.0,,FRA
Hyeon Chung,R,188.0,,KOR
Hyung Taik Lee,R,180.0,,KOR
Ian Aler,R,,,USA
Igor Andreev,R,185.0,,RUS
Igor Kunitsyn,R,180.0,,RUS
Igor Sijsling,R,191.0,,NED
Illya Marchenko,R,185.0,,UKR
Ilya Ivashka,R,193.0,,BLR
Inigo Cervantes Huegun,R,180.0,,ESP
Irakli Labadze,L,188.0,,GEO
Ivan Dodig,R,183.0,,CRO
Ivan Gakhov,L,191.0,,RUS
Ivan Lendl,R,188.0,188.0,USA
Ivan Ljubicic,R,193.0,,CRO
Ivan Navarro,R,183.0,,ESP
Ivo Heuberger,R,188.0,,SUI
Ivo Karlovic,R,208.0,211.0,CRO
Ivo Minar,R,183.0,,CZE
J J Wolf,R,183.0,,USA
Jacco Eltingh,R,188.0,,NED
Jack Draper,L,193.0,,GBR
Jack Sock,R,191.0,193.0,USA
Jacobo Diaz,R,173.0,,ESP
Jaime Oncins,R,196.0,,BRA
Jaime Yzaga,R,170.0,,PER
Jakob Hlasek,R,188.0,,SUI
Jakub Mensik,R,193.0,,CZE
James Blake,R,185.0,180.0,USA
James Duckworth,R,183.0,,AUS
James Sekulov,R,180.0,,AUS
James Ward,R,190.0,,GBR
Jamie Delgado,R,178.0,,GBR
Jamie Morgan,R,185.0,,AUS
Jan Apell,L,183.0,,SWE
Jan Boruszewski,R,,,GER
Jan Frode Andersen,L,190.0,,NOR
Jan Gunnarsson,R,185.0,,SWE
Jan Hajek,R,180.0,,CZE
Jan Hernych,R,190.0,,CZE
Jan Kroslak,R,188.0,,SVK
Jan Lennard Struff,R,193.0,,GER
Jan Michael Gambill,R,190.0,,USA
Jan Siemerink,L,183.0,,NED
Jan Vacek,R,198.0,,CZE
Janko Tipsarevic,R,180.0,,SRB
Jannik Sinner,R,191.0,188.0,ITA
Jared Donaldson,R,188.0,,USA
Jared Palmer,R,190.0,,USA
Jarkko Nieminen,L,185.0,,FIN
Jason Kubler,R,178.0,,AUS
Jason Stoltenberg,R,185.0,,AUS
Jaume Munar,R,183.0,,ESP
Javier Frana,L,185.0,,ARG
Javier Marti,R,,,ESP
Javier Sanchez,R,178.0,,ESP
Jay Berger,R,180.0,,USA
Jean Philippe Fleurian,R,185.0,,FRA
Jean Rene Lisnard,R,173.0,,MON
Jeff Morrison,R,185.0,,USA
Jeff Salzenstein,L,185.0,,USA
Jeff Tarango,L,180.0,,USA
Jens Knippschild,R,190.0,,GER
Jens Woehrmann,R,180.0,,GER
Jenson Brooksby,R,188.0,,USA
Jeremy Bates,R,180.0,,GBR
Jeremy Chardy,R,188.0,,FRA
Jerome Golmard,L,188.0,,FRA
Jerzy Janowicz,R,203.0,,POL
Jesse Huta Galung,R,188.0,,NED
Jesse Levine,L,175.0,,CAN
Jim Courier,R,185.0,183.0,USA
Jim Grabb,R,193.0,,USA
Jim Pugh,R,193.0,,USA
Jimmy Arias,R,175.0,,USA
Jimmy Brown,R,180.0,,USA
Jimmy Connors,L,178.0,,USA
Jimmy Wang,R,178.0,,TPE
Jiri Lehecka,R,185.0,,CZE
Jiri Novak,R,190.0,,CZE
Jiri Vanek,R,185.0,,CZE
Jiri Vesely,L,198.0,,CZE
Jo-Wilfried Tsonga,R,188.0,185.0,FRA
Joachim Johansson,R,198.0,,SWE
Joao Fonseca,R,185.0,,BRA
Joao Sousa,R,185.0,,POR
Joao Souza,R,193.0,,BRA
Jocelyn Robichaud,R,,,CAN
Joern Renzenbrink,R,196.0,,GER
Joey Rive,L,185.0,,USA
Johan Carlsson,R,183.0,,SWE
Johan Kriek,R,175.0,,USA
Johan Van Herck,R,185.0,,BEL
John Fitzgerald,R,183.0,,AUS
John Isner,R,206.0,213.0,USA
John McEnroe,L,180.0,,USA
John Millman,R,183.0,,AUS
John Patrick Smith,L,188.0,,AUS
John Ross,R,185.0,,USA
John Sobel,R,173.0,,USA
John Van Lottum,R,185.0,,NED
Jonas Bjorkman,R,183.0,,SWE
Jonas Svensson,R,188.0,,SWE
Jonathan Canter,R,185.0,,USA
Jonathan Leach,R,,,USA
Jonathan Stark,R,188.0,,USA
Joost Winnink,R,180.0,,NED
Jordan Thompson,R,183.0,,AUS
Jordi Arrese,R,175.0,,ESP
Jordi Burillo,R,188.0,,ESP
Jorge Lozano,R,180.0,,MEX
Jose Acasuso,R,190.0,,ARG
Jose Antonio Sanchez De Luna,R,,,ESP
Jose Francisco Altur,L,190.0,,ESP
Josselin Ouanna,R,193.0,,FRA
Jozef Kovalik,R,183.0,,SVK
Juan Aguilera,R,183.0,,ESP
Juan Albert Viloca Puig,R,185.0,,ESP
Juan Antonio Marin,R,175.0,,CRC
Juan Balcells,R,190.0,,ESP
Juan Carlos Ferrero,R,183.0,185.0,ESP
Juan Gisbert Jr,R,198.0,,ESP
Juan Ignacio Chela,R,190.0,,ARG
Juan Ignacio Londero,R,180.0,,ARG
Juan Luis Tati Rascon,R,,,ESP
Juan Manuel Cerundolo,L,183.0,,ARG
Juan Martin del Potro,R,198.0,198.0,ARG
Juan Monaco,R,185.0,,ARG
Juan Pablo Varillas,R,185.0,,PER
Julian Alonso,R,185.0,,ESP
Julian Knowle,L,188.0,,AUT
Julien Benneteau,R,185.0,,FRA
Julien Boutter,R,190.0,,FRA
Juncheng Shang,L,180.0,,CHN
Jurgen Melzer,L,183.0,185.0,AUT
Jurgen Zopp,R,190.0,,EST
Jurij Rodionov,L,191.0,,AUT
Justin Gimelstob,R,196.0,,USA
Kamil Majchrzak,R,180.0,,POL
Karel Novacek,R,190.0,,CZE
Karen Khachanov,R,198.0,196.0,RUS
Karim Alami,R,185.0,,MAR
Karol Beck,R,180.0,,SVK
Karol Kucera,R,188.0,,SVK
Karsten Braasch,L,180.0,,GER
Kei Nishikori,R,178.0,,JPN
Keith Evans,R,188.0,,USA
Kelly Evernden,R,175.0,,NZL
Kelly Jones,R,185.0,,USA
Ken Flach,R,185.0,,USA
Kenneth Carlsen,L,190.0,,DEN
Kenny De Schepper,L,203.0,,FRA
Kenny Thorne,R,188.0,,USA
Kevin Anderson,R,203.0,203.0,RSA
Kevin Curren,R,185.0,,USA
Kevin Kim,R,180.0,,USA
Kevin Ullyett,R,178.0,,ZIM
Kim Tiilikainen,R,180.0,,FIN
Konstantin Kravchuk,R,190.0,,RUS
Krister Wedenby,L,185.0,,SWE
Kristian Pless,R,188.0,,DEN
Kristof Vliegen,R,193.0,,BEL
Kyle Edmund,R,188.0,,GBR
Lars Anders Wahlgren,R,193.0,,SWE
Lars Burgsmuller,R,183.0,,GER
Lars Jonsson,R,188.0,,SWE
Lars Koslowski,R,188.0,,GER
Lars Rehmann,R,196.0,,GER
Laslo Djere,R,188.0,,SRB
Laurence Tieleman,R,180.0,,ITA
Lawson Duncan,R,185.0,,USA
Leander Paes,R,178.0,,IND
Leandro Riedi,R,191.0,,SUI
Leif Shiras,R,183.0,,USA
Leonardo Lavalle,L,188.0,,MEX
Leonardo Mayer,R,188.0,,ARG
Li Tu,R,183.0,,AUS
Liam Broady,L,183.0,,GBR
Libor Nemecek,R,168.0,,CZE
Libor Pimek,R,196.0,,BEL
Lionel Roux,R,185.0,,FRA
Lleyton Hewitt,R,180.0,180.0,AUS
Lloyd Harris,R,193.0,,RSA
Lorenzo Musetti,R,185.0,185.0,ITA
Lorenzo Sonego,R,191.0,188.0,ITA
Louis Gloria,L,175.0,,USA
Luca Nardi,R,185.0,,ITA
Luca Van Assche,R,178.0,,FRA
Luca Vanni,R,198.0,,ITA
Lucas Arnold Ker,R,180.0,,ARG
Lucas Catarina,R,185.0,,MON
Lucas Pouille,R,185.0,188.0,FRA
Luciano Darderi,R,183.0,,ITA
Luis Herrera,L,170.0,,MEX
Luis Horna,R,180.0,,PER
Luiz Mattar,R,183.0,,BRA
Lukas Dlouhy,R,185.0,,CZE
Lukas Klein,R,193.0,,SVK
Lukas Lacko,R,185.0,,SVK
Lukas Rosol,R,193.0,,CZE
Lukasz Kubot,R,190.0,,POL
Luke Jensen,U,190.0,,USA
Mackenzie Mcdonald,R,178.0,,USA
Magnus Gustafsson,R,185.0,,SWE
Magnus Larsson,R,193.0,,SWE
Magnus Norman,R,188.0,,SWE
Malek Jaziri,R,185.0,,TUN
Malivai Washington,R,180.0,,USA
Mao Xin Gong,R,178.0,,CHN
Marat Safin,R,193.0,,RUS
Marc Andrea Huesler,L,196.0,,SUI
Marc Gicquel,R,188.0,,FRA
Marc Kevin Goellner,R,196.0,,GER
Marc Rosset,R,201.0,,SUI
Marcel Granollers,R,190.0,,ESP
Marcello Craca,R,180.0,,GER
Marcelo Charpentier,L,180.0,,ARG
Marcelo Filippini,R,178.0,,URU
Marcelo Rios,L,175.0,183.0,CHI
Marcio Carlsson,R,175.0,,BRA
Marco Cecchinato,R,185.0,,ITA
Marco Chiudinelli,R,185.0,,SUI
Marco Crugnola,R,188.0,,ITA
Marco Meneschincheri,L,180.0,,ITA
Marco Trungelliti,R,178.0,,ARG
Marcos Aurelio Gorriz,L,185.0,,ESP
Marcos Baghdatis,R,183.0,,CYP
Marcos Daniel,R,180.0,,BRA
Marcos Giron,R,180.0,,USA
Marcos Ondruska,R,183.0,,RSA
Mardy Fish,R,188.0,183.0,USA
Marian Vajda,R,173.0,,SVK
Mariano Navone,R,178.0,,ARG
Mariano Puerta,L,180.0,,ARG
Mariano Zabaleta,R,183.0,,ARG
Marin Cilic,R,198.0,196.0,CRO
Marinko Matosevic,R,194.0,,AUS
Mario Ancic,R,196.0,,CRO
Marius Copil,R,191.0,,ROU
Mark Kaplan,R,185.0,,RSA
Mark Knowles,R,190.0,,BAH
Mark Koevermans,R,185.0,,NED
Mark Kratzmann,L,178.0,,AUS
Mark Merklein,R,188.0,,BAH
Mark Petchey,R,183.0,,GBR
Mark Philippoussis,R,196.0,193.0,AUS
Mark Woodforde,L,188.0,,AUS
Markus Hantschk,R,188.0,,GER
Markus Hipfl,R,178.0,,AUT
Markus Naewie,R,190.0,,GER
Markus Zillner,L,178.0,,GER
Markus Zoecke,R,196.0,,GER
Marsel Ilhan,R,190.0,,TUR
Martin Blackman,R,188.0,,USA
Martin Damm,L,203.0,,USA
Martin Damm Sr,R,188.0,,CZE
Martin Jaite,R,178.0,,ARG
Martin Klizan,L,191.0,,SVK
Martin Landaluce,R,191.0,,ESP
Martin Laurendeau,R,190.0,,CAN
Martin Lee,L,180.0,,GBR
Martin Sinner,R,180.0,,GER
Martin Strelba,R,190.0,,CZE
Martin Vassallo Arguello,R,183.0,,ARG
Martin Verkerk,R,196.0,,NED
Martin Wostenholme,R,183.0,,CAN
Marton Fucsovics,R,188.0,,HUN
Marzio Martelli,R,180.0,,ITA
Mashiska Washington,R,180.0,,USA
Massimo Cierro,R,173.0,,ITA
Massimo Dellacqua,R,193.0,,ITA
Mats Wilander,R,183.0,183.0,SWE
Matteo Arnaldi,R,185.0,,ITA
Matteo Berrettini,R,196.0,193.0,ITA
Matteo Donati,R,185.0,,ITA
Matteo Gigante,L,180.0,,ITA
Matteo Viola,R,188.0,,ITA
Matthew Ebden,R,188.0,,AUS
Matthias Bachinger,R,188.0,,GER
Mattia Bellucci,L,175.0,,ITA
Maurice Ruah,R,178.0,,VEN
Mauricio Hadad,R,170.0,,COL
Max Mirnyi,R,196.0,,BLR
Max Purcell,R,185.0,,AUS
Maxime Cressy,R,201.0,,USA
Maximilian Abel,R,,,GER
Maximilian Marterer,L,188.0,,GER
Maximo Gonzalez,R,173.0,,ARG
Michael Berrer,L,193.0,,GER
Michael Chang,R,175.0,172.0,USA
Michael Joyce,R,180.0,,USA
Michael Kohlmann,R,188.0,,GER
Michael Lammer,R,185.0,,SUI
Michael Llodra,L,190.0,,FRA
Michael Mmoh,R,188.0,,USA
Michael Russell,R,173.0,,USA
Michael Sell,R,180.0,,USA
Michael Stich,R,193.0,,GER
Michael Tebbutt,L,190.0,,AUS
Michael Yani,R,185.0,,USA
Michal Przysiezny,R,185.0,,POL
Michal Tabara,R,175.0,,CZE
Michel Kratochvil,R,185.0,,SUI
Michiel Schapers,R,201.0,,NED
Mikael Pernfors,R,173.0,,SWE
Mikael Stadling,L,188.0,,SWE
Mikael Tillstrom,R,185.0,,SWE
Mikael Ymer,R,183.0,,SWE
Mikhail Kukushkin,R,183.0,,KAZ
Mikhail Youzhny,R,183.0,,RUS
Milan Srejber,R,203.0,,CZE
Milos Raonic,R,196.0,204.0,CAN
Miloslav Mecir,R,190.0,,SVK
Miomir Kecmanovic,R,183.0,,SRB
Mirza Basic,R,188.0,,BIH
Mischa Zverev,L,190.0,,GER
Mitchell Krueger,R,188.0,,USA
Mose Navarra,L,180.0,,ITA
Neil Borwick,L,193.0,,AUS
Neville Godwin,R,173.0,,RSA
Nick Kyrgios,R,193.0,193.0,AUS
Nicklas Kroon,R,183.0,,SWE
Nicklas Kulti,R,190.0,,SWE
Nicola Kuhn,R,185.0,,GER
Nicolas Almagro,R,183.0,,ESP
Nicolas Coutelot,R,185.0,,FRA
Nicolas Devilder,L,173.0,,FRA
Nicolas Escude,R,185.0,,FRA
Nicolas Jarry,R,201.0,,CHI
Nicolas Kicker,R,178.0,,ARG
Nicolas Kiefer,R,183.0,,GER
Nicolas Lapentti,R,188.0,,ECU
Nicolas Mahut,R,190.0,188.0,FRA
Nicolas Massu,R,183.0,,CHI
Nicolas Moreno De Alboran,R,185.0,,USA
Nicolas Pereira,R,188.0,,VEN
Nikolay Davydenko,R,178.0,178.0,RUS
Nikoloz Basilashvili,R,185.0,,GEO
Noah Rubin,R,175.0,,USA
Noam Behr,L,188.0,,ISR
Noam Okun,R,185.0,,ISR
Norbert Gombos,R,193.0,,SVK
Novak Djokovic,R,188.0,188.0,SRB
Nuno Borges,R,185.0,,POR
Nuno Marques,L,190.0,,POR
Oleg Ogorodov,R,193.0,,UZB
Oliver Gross,R,185.0,,GER
Olivier Delaitre,R,170.0,,FRA
Olivier Mutis,R,175.0,,FRA
Olivier Patience,R,180.0,,FRA
Olivier Rochus,R,168.0,,BEL
Omar Camporese,R,188.0,,ITA
Orlin Stanoytchev,R,185.0,,BUL
Oscar Burrieza,R,170.0,,ESP
Oscar Hernandez,R,180.0,,ESP
Oscar Martinez,R,185.0,,ESP
Oscar Otte,R,193.0,,GER
Pablo Andujar,R,180.0,,ESP
Pablo Campana,R,180.0,,ECU
Pablo Carreno Busta,R,188.0,183.0,ESP
Pablo Cuevas,R,180.0,,URU
Pablo Llamas Ruiz,R,188.0,,ESP
Paolo Cane,R,180.0,,ITA
Paolo Lorenzi,R,183.0,,ITA
Paradorn Srichaphan,R,185.0,,THA
Pat Cash,R,183.0,,AUS
Patricio Arnold,R,183.0,,ARG
Patrick Baur,R,188.0,,GER
Patrick Kypson,R,188.0,,USA
Patrick McEnroe,R,183.0,,USA
Patrick Rafter,R,185.0,185.0,AUS
Patrik Fredriksson,R,185.0,,SWE
Patrik Kuhnen,R,190.0,,GER
Paul Annacone,R,185.0,,USA
Paul Capdeville,R,190.0,,CHI
Paul Chamberlin,R,178.0,,USA
Paul Goldstein,R,178.0,,USA
Paul Haarhuis,R,188.0,,NED
Paul Henri Mathieu,R,185.0,,FRA
Paul Kilderry,R,175.0,,AUS
Paul Wekesa,R,188.0,,KEN
Pavel Kotov,R,191.0,,RUS
Pedro Cachin,R,185.0,,ARG
Pedro Martinez,R,185.0,,ESP
Pedro Sousa,R,180.0,,POR
Pere Riba,R,183.0,,ESP
Pete Sampras,R,185.0,188.0,USA
Peter Gojowczyk,R,188.0,,GER
Peter Luczak,R,183.0,,AUS
Peter Lundgren,R,185.0,,SWE
Peter Polansky,R,180.0,,CAN
Peter Tramacchi,R,185.0,,AUS
Peter Wessels,R,196.0,,NED
Petr Korda,L,190.0,,CZE
Philip Bester,R,188.0,,CAN
Philip Gubenco,L,188.0,,CAN
Philip Sekulic,R,191.0,,AUS
Philipp Kohlschreiber,R,178.0,,GER
Philipp Petzschner,R,185.0,,GER
Pier Gauthier,R,185.0,,FRA
Pierre Hugues Herbert,R,188.0,,FRA
Pierre Ludovic Duclos,R,188.0,,CAN
Pieter Aldrich,R,180.0,,RSA
Potito Starace,R,188.0,,ITA
Prajnesh Gunneswaran,L,188.0,,IND
Quentin Halys,R,191.0,,FRA
Radek Stepanek,R,185.0,,CZE
Radomir Vasek,R,188.0,,CZE
Radu Albot,R,175.0,,MDA
Raemon Sluiter,R,185.0,,NED
Rafael Nadal,L,185.0,188.0,ESP
Rainer Schuettler,R,180.0,,GER
Rajeev Ram,R,193.0,,USA
Ramesh Krishnan,R,170.0,,IND
Ramkumar Ramanathan,R,188.0,,IND
Ramon Delgado,R,185.0,,PAR
Reilly Opelka,R,211.0,211.0,USA
Renzo Furlan,R,175.0,,ITA
Renzo Olivo,R,178.0,,ARG
Rhyne Williams,R,185.0,,USA
Ricardas Berankis,R,175.0,,LTU
Ricardo Mello,L,175.0,,BRA
Richard Fromberg,R,196.0,,AUS
Richard Gasquet,R,185.0,183.0,FRA
Richard Krajicek,R,196.0,199.0,NED
Richard Matuszewski,R,188.0,,USA
Richard Schmidt,R,185.0,,USA
Richey Reneberg,R,180.0,,USA
Rick Leach,L,188.0,,USA
Rigele Te,R,188.0,,CHN
Rik De Voest,R,180.0,,RSA
Rikard Bergh,L,188.0,,SWE
Rinky Hijikata,R,178.0,,AUS
Rob Steckley,R,,,CAN
Robbie Koenig,R,173.0,,RSA
Robbie Weiss,R,183.0,,USA
Robby Ginepri,R,183.0,183.0,USA
Robert Kendrick,R,190.0,,USA
Robert Kroll,R,,,GER
Robert Seguso,R,190.0,,USA
Roberto Azar,L,185.0,,ARG
Roberto Bautista Agut,R,183.0,180.0,ESP
Roberto Carballes Baena,R,183.0,,ESP
Roberto Carretero,R,178.0,,ESP
Roberto Jabali,R,190.0,,BRA
Roberto Marcora,R,193.0,,ITA
Robin Haase,R,190.0,,NED
Robin Soderling,R,193.0,193.0,SWE
Robin Vik,R,183.0,,CZE
Rodolphe Gilbert,L,183.0,,FRA
Roger Federer,R,185.0,186.0,SUI
Roger Smith,R,185.0,,BAH
Rogerio Dutra Silva,R,178.0,,BRA
Rohan Bopanna,R,193.0,,IND
Roland Burtscher,R,183.0,,AUT
Roman Safiullin,R,185.0,,RUS
Ronald Agenor,R,180.0,,USA
Ruben Bemelmans,L,183.0,,BEL
Ruben Ramirez Hidalgo,R,183.0,,ESP
Rudiger Haas,R,193.0,,GER
Rui Machado,R,178.0,,POR
Ryan Harrison,R,183.0,,USA
Ryan Sweeting,R,196.0,,USA
Salvatore Caruso,R,185.0,,ITA
Sam Groth,R,193.0,,AUS
Sam Querrey,R,198.0,196.0,USA
Sam Warburg,R,190.0,,USA
Sandon Stolle,R,193.0,,AUS
Sandor Noszaly,R,193.0,,HUN
Santiago Giraldo,R,188.0,,COL
Santiago Ventura,R,183.0,,ESP
Sargis Sargsian,R,180.0,,ARM
Sasa Hirszon,R,185.0,,CRO
Sascha Nensel,R,180.0,,GER
Scott Davis,R,188.0,,USA
Scott Draper,L,178.0,,AUS
Scott Humphries,R,185.0,,USA
Sebastian Baez,R,170.0,,ARG
Sebastian Korda,R,196.0,193.0,USA
Sebastian Ofner,R,191.0,,AUT
Sebastian Prieto,R,180.0,,ARG
Sebastien Grosjean,R,175.0,,FRA
Sebastien Lareau,R,183.0,,CAN
Sebastien Leblanc,L,193.0,,CAN
Seong Chan Hong,R,175.0,,KOR
Sergei Bubka,R,188.0,,UKR
Sergi Bruguera,R,188.0,,ESP
Sergio Casal,R,185.0,,ESP
Sergio Cortes,R,170.0,,CHI
Sergio Roitman,R,185.0,,ARG
Sergiy Stakhovsky,R,193.0,,UKR
Shao Xuan Zeng,R,185.0,,CHN
Shintaro Mochizuki,R,175.0,,JPN
Shuzo Matsuoka,R,185.0,,JPN
Simon Greul,R,185.0,,GER
Simon Larose,R,190.0,,CAN
Simon Youl,R,185.0,,AUS
Simone Bolelli,R,183.0,,ITA
Sjeng Schalken,R,193.0,,NED
Slava Dosedel,R,183.0,,CZE
Slobodan Zivojinovic,R,198.0,,YUG
Somdev Devvarman,R,180.0,,IND
Soon Woo Kwon,R,180.0,,KOR
Stan Wawrinka,R,183.0,,SUI
Stefan Edberg,R,188.0,188.0,SWE
Stefan Koubek,L,175.0,,AUT
Stefan Kozlov,R,183.0,,USA
Stefano Galvani,R,178.0,,ITA
Stefano Napolitano,R,196.0,,ITA
Stefano Pescosolido,R,185.0,,ITA
Stefano Travaglia,R,185.0,,ITA
Stefanos Tsitsipas,R,193.0,190.0,GRE
Stephane Bohli,R,185.0,,SUI
Stephane Huet,L,180.0,,FRA
Stephane Robert,R,185.0,,FRA
Stephane Simian,L,193.0,,FRA
Steve Bryan,R,178.0,,USA
Steve Campbell,R,183.0,,USA
Steve Darcis,R,178.0,,BEL
Steve Devries,R,180.0,,USA
Steve Herdoiza,R,,,USA
Steve Johnson,R,188.0,,USA
Steven Diez,R,175.0,,CAN
Sule Ladipo,R,180.0,,NGR
Sumit Nagal,R,178.0,,IND
Tallon Griekspoor,R,188.0,,NED
Tamer El Sawy,R,188.0,,EGY
Taro Daniel,R,191.0,,JPN
Tatsuma Ito,R,180.0,,JPN
Taylor Dent,R,188.0,,USA
Taylor Fritz,R,196.0,193.0,USA
Tennys Sandgren,R,188.0,,USA
Terence Atmane,L,193.0,,FRA
Teymuraz Gabashvili,R,188.0,,RUS
Thanasi Kokkinakis,R,193.0,,AUS
Thiago Alves,R,178.0,,BRA
Thiago Monteiro,L,183.0,,BRA
Thiago Seyboth Wild,R,185.0,,BRA
Thiemo De Bakker,R,193.0,,NED
Thierry Ascione,R,188.0,,FRA
Thierry Champion,R,183.0,,FRA
Thierry Guardiola,R,188.0,,FRA
Thierry Tulasne,R,178.0,,FRA
Thomas Enqvist,R,190.0,,SWE
Thomas Fabbiano,R,173.0,,ITA
Thomas Gollwitzer,R,178.0,,GER
Thomas Hogstedt,R,190.0,,SWE
Thomas Johansson,R,180.0,,SWE
Thomas Muster,L,180.0,183.0,AUT
Thomaz Bellucci,L,188.0,,BRA
Tim Henman,R,185.0,183.0,GBR
Tim Mayotte,R,190.0,,USA
Tim Smyczek,R,175.0,,USA
Tim Wilkison,L,180.0,,USA
Tobias Kamke,R,180.0,,GER
Tobias Summerer,R,185.0,,GER
Todd Larkham,R,178.0,,AUS
Todd Martin,R,198.0,,USA
Todd Reid,R,180.0,,AUS
Todd Widom,R,,,USA
Todd Witsken,R,183.0,,USA
Todd Woodbridge,R,178.0,,AUS
Tom Nijssen,R,175.0,,NED
Tomas Anzari,R,180.0,,CZE
Tomas Behrend,R,193.0,,GER
Tomas Berdych,R,196.0,198.0,CZE
Tomas Carbonell,R,178.0,,ESP
Tomas Machac,R,183.0,,CZE
Tomas Martin Etcheverry,R,196.0,,ARG
Tomas Nydahl,R,185.0,,SWE
Tomas Zib,R,178.0,,CZE
Tommy Haas,R,188.0,188.0,GER
Tommy Ho,L,183.0,,USA
Tommy Paul,R,185.0,,USA
Tommy Robredo,R,180.0,,ESP
Torben Theine,L,183.0,,GER
Tsung Hua Yang,R,178.0,,TPE
Tung Lin Wu,R,188.0,,TPE
Tuomas Ketola,R,185.0,,FIN
Udo Riglewski,R,185.0,,GER
Ugo Humbert,L,188.0,,FRA
Ulf Stenlund,R,180.0,,SWE
Uros Vico,R,188.0,,ITA
Valentin Vacherot,R,193.0,,MON
Vasek Pospisil,R,193.0,,CAN
Vasilis Mazarakis,R,178.0,,GRE
Veli Paloheimo,R,183.0,,FIN
Victor Crivoi,R,185.0,,ROU
Victor Estrella,R,173.0,,DOM
Victor Hanescu,R,198.0,,ROU
Victor Sendin,R,175.0,,ESP
Viktor Troicki,R,193.0,,SRB
Vincent Millot,L,173.0,,FRA
Vincent Spadea,R,183.0,,USA
Vincenzo Santopadre,L,183.0,,ITA
Vit Kopriva,R,178.0,,CZE
Vladimir Gabrichidze,R,175.0,,GEO
Vladimir Voltchkov,R,180.0,,BLR
Wade Mcguire,R,188.0,,USA
Wally Masur,R,180.0,,AUS
Wayne Arthurs,L,190.0,,AUS
Wayne Black,R,170.0,,ZIM
Wayne Ferreira,R,185.0,,RSA
Wayne Odesnik,L,180.0,,USA
Werner Eschauer,R,188.0,,AUT
Wesley Moodie,R,196.0,,RSA
Wojtek Kowalski,R,183.0,,POL
Wolfgang Schranz,R,178.0,,AUT
Woong Sun Jun,R,190.0,,KOR
Xavier Daufresne,R,193.0,,BEL
Xavier Malisse,R,185.0,,BEL
Yan Bai,R,185.0,,CHN
Yannick Hanfmann,R,193.0,,GER
Yannick Noah,R,193.0,,FRA
Yasutaka Uchiyama,R,183.0,,JPN
Yen Hsun Lu,R,180.0,,TPE
Yevgeny Kafelnikov,R,190.0,190.0,RUS
Yi Zhou,R,193.0,,CHN
Yibing Wu,R,183.0,,CHN
Yoshihito Nishioka,L,170.0,,JPN
Yosuke Watanuki,R,180.0,,JPN
Younes El Aynaoui,R,193.0,,MAR
Yu Hsiou Hsu,R,178.0,,TPE
Yuichi Sugita,R,173.0,,JPN
Yuki Bhambri,R,185.0,,IND
Zachary Svajda,R,175.0,,USA
Ze Zhang,R,188.0,,CHN
Zeljko Krajan,R,178.0,,CRO
Zhe Li,R,183.0,,CHN
Zhizhen Zhang,R,193.0,,CHN
Zizou Bergs,R,185.0,,BEL
